{
  "Total" : {
    "transaction" : "Total",
    "sampleCount" : 16,
    "errorCount" : 9,
    "errorPct" : 56.25,
    "meanResTime" : 3613.9375000000005,
    "medianResTime" : 3406.0,
    "minResTime" : 354.0,
    "maxResTime" : 8302.0,
    "pct1ResTime" : 7485.1,
    "pct2ResTime" : 8302.0,
    "pct3ResTime" : 8302.0,
    "throughput" : 0.5058488776478026,
    "receivedKBytesPerSec" : 77.00397540902624,
    "sentKBytesPerSec" : 0.08891874802402783
  },
  "5 COUNT POST's" : {
    "transaction" : "5 COUNT POST's",
    "sampleCount" : 16,
    "errorCount" : 9,
    "errorPct" : 56.25,
    "meanResTime" : 3613.9375000000005,
    "medianResTime" : 3406.0,
    "minResTime" : 354.0,
    "maxResTime" : 8302.0,
    "pct1ResTime" : 7485.1,
    "pct2ResTime" : 8302.0,
    "pct3ResTime" : 8302.0,
    "throughput" : 0.5058488776478026,
    "receivedKBytesPerSec" : 77.00397540902624,
    "sentKBytesPerSec" : 0.08891874802402783
  }
}