{
  "LOGAR USUARIO-0" : {
    "transaction" : "LOGAR USUARIO-0",
    "sampleCount" : 1,
    "errorCount" : 0,
    "errorPct" : 0.0,
    "meanResTime" : 1.0,
    "medianResTime" : 1.0,
    "minResTime" : 1.0,
    "maxResTime" : 1.0,
    "pct1ResTime" : 1.0,
    "pct2ResTime" : 1.0,
    "pct3ResTime" : 1.0,
    "throughput" : 1000.0,
    "receivedKBytesPerSec" : 1208.0078125,
    "sentKBytesPerSec" : 0.0
  },
  "Total" : {
    "transaction" : "Total",
    "sampleCount" : 11,
    "errorCount" : 2,
    "errorPct" : 18.181818,
    "meanResTime" : 5334.636363636364,
    "medianResTime" : 5841.0,
    "minResTime" : 1.0,
    "maxResTime" : 9933.0,
    "pct1ResTime" : 9355.400000000001,
    "pct2ResTime" : 9933.0,
    "pct3ResTime" : 9933.0,
    "throughput" : 0.2281968301385777,
    "receivedKBytesPerSec" : 48.88880055986018,
    "sentKBytesPerSec" : 0.038005793087710564
  },
  "INITIAL" : {
    "transaction" : "INITIAL",
    "sampleCount" : 1,
    "errorCount" : 0,
    "errorPct" : 0.0,
    "meanResTime" : 5211.0,
    "medianResTime" : 5211.0,
    "minResTime" : 5211.0,
    "maxResTime" : 5211.0,
    "pct1ResTime" : 5211.0,
    "pct2ResTime" : 5211.0,
    "pct3ResTime" : 5211.0,
    "throughput" : 0.19190174630589138,
    "receivedKBytesPerSec" : 0.05528419449241988,
    "sentKBytesPerSec" : 0.03429494099021301
  },
  "LOGAR USUARIO" : {
    "transaction" : "LOGAR USUARIO",
    "sampleCount" : 1,
    "errorCount" : 0,
    "errorPct" : 0.0,
    "meanResTime" : 5275.0,
    "medianResTime" : 5275.0,
    "minResTime" : 5275.0,
    "maxResTime" : 5275.0,
    "pct1ResTime" : 5275.0,
    "pct2ResTime" : 5275.0,
    "pct3ResTime" : 5275.0,
    "throughput" : 0.1895734597156398,
    "receivedKBytesPerSec" : 13.015402843601894,
    "sentKBytesPerSec" : 0.04683797393364929
  },
  "5 COUNT POST's" : {
    "transaction" : "5 COUNT POST's",
    "sampleCount" : 8,
    "errorCount" : 2,
    "errorPct" : 25.0,
    "meanResTime" : 6024.25,
    "medianResTime" : 6072.5,
    "minResTime" : 1443.0,
    "maxResTime" : 9933.0,
    "pct1ResTime" : 9933.0,
    "pct2ResTime" : 9933.0,
    "pct3ResTime" : 9933.0,
    "throughput" : 0.1659613310098747,
    "receivedKBytesPerSec" : 47.43347851708364,
    "sentKBytesPerSec" : 0.029172890216579535
  }
}