{
  "ALL POST's" : {
    "transaction" : "ALL POST's",
    "sampleCount" : 79,
    "errorCount" : 2,
    "errorPct" : 2.5316455,
    "meanResTime" : 46143.64556962025,
    "medianResTime" : 45759.0,
    "minResTime" : 41670.0,
    "maxResTime" : 68042.0,
    "pct1ResTime" : 49756.0,
    "pct2ResTime" : 57396.0,
    "pct3ResTime" : 68042.0,
    "throughput" : 0.04328245362202912,
    "receivedKBytesPerSec" : 167.67203865749744,
    "sentKBytesPerSec" : 0.007539223867533777
  },
  "LOGAR USUARIO-0" : {
    "transaction" : "LOGAR USUARIO-0",
    "sampleCount" : 2,
    "errorCount" : 0,
    "errorPct" : 0.0,
    "meanResTime" : 0.5,
    "medianResTime" : 0.5,
    "minResTime" : 0.0,
    "maxResTime" : 1.0,
    "pct1ResTime" : 1.0,
    "pct2ResTime" : 1.0,
    "pct3ResTime" : 1.0,
    "throughput" : 0.3143665513989311,
    "receivedKBytesPerSec" : 0.37591976776171016,
    "sentKBytesPerSec" : 0.0
  },
  "Total" : {
    "transaction" : "Total",
    "sampleCount" : 85,
    "errorCount" : 2,
    "errorPct" : 2.3529413,
    "meanResTime" : 43056.71764705882,
    "medianResTime" : 45591.0,
    "minResTime" : 0.0,
    "maxResTime" : 68042.0,
    "pct1ResTime" : 49696.0,
    "pct2ResTime" : 56702.40000000001,
    "pct3ResTime" : 68042.0,
    "throughput" : 0.046569575493664896,
    "receivedKBytesPerSec" : 167.71168690634062,
    "sentKBytesPerSec" : 0.00800682097038942
  },
  "INITIAL" : {
    "transaction" : "INITIAL",
    "sampleCount" : 2,
    "errorCount" : 0,
    "errorPct" : 0.0,
    "meanResTime" : 3961.5,
    "medianResTime" : 3961.5,
    "minResTime" : 3622.0,
    "maxResTime" : 4301.0,
    "pct1ResTime" : 4301.0,
    "pct2ResTime" : 4301.0,
    "pct3ResTime" : 4301.0,
    "throughput" : 0.1798237727027513,
    "receivedKBytesPerSec" : 0.05180470014385902,
    "sentKBytesPerSec" : 0.032136475004495596
  },
  "LOGAR USUARIO" : {
    "transaction" : "LOGAR USUARIO",
    "sampleCount" : 2,
    "errorCount" : 0,
    "errorPct" : 0.0,
    "meanResTime" : 3274.5,
    "medianResTime" : 3274.5,
    "minResTime" : 2705.0,
    "maxResTime" : 3844.0,
    "pct1ResTime" : 3844.0,
    "pct2ResTime" : 3844.0,
    "pct3ResTime" : 3844.0,
    "throughput" : 0.1959631589261219,
    "receivedKBytesPerSec" : 6.898419893934941,
    "sentKBytesPerSec" : 0.04860804918675289
  }
}