{
  "ALL POST's" : {
    "transaction" : "ALL POST's",
    "sampleCount" : 79,
    "errorCount" : 2,
    "errorPct" : 2.5316455,
    "meanResTime" : 46143.64556962025,
    "medianResTime" : 45759.0,
    "minResTime" : 41670.0,
    "maxResTime" : 68042.0,
    "pct1ResTime" : 49756.0,
    "pct2ResTime" : 57396.0,
    "pct3ResTime" : 68042.0,
    "throughput" : 0.04328245362202912,
    "receivedKBytesPerSec" : 167.67203865749744,
    "sentKBytesPerSec" : 0.007539223867533777
  },
  "Total" : {
    "transaction" : "Total",
    "sampleCount" : 79,
    "errorCount" : 2,
    "errorPct" : 2.5316455,
    "meanResTime" : 46143.64556962025,
    "medianResTime" : 45759.0,
    "minResTime" : 41670.0,
    "maxResTime" : 68042.0,
    "pct1ResTime" : 49756.0,
    "pct2ResTime" : 57396.0,
    "pct3ResTime" : 68042.0,
    "throughput" : 0.04328245362202912,
    "receivedKBytesPerSec" : 167.67203865749744,
    "sentKBytesPerSec" : 0.007539223867533777
  }
}